timestamp,actual,day_ahead_pred,rolling_pred_p10,rolling_pred_p50,rolling_pred_p90,lstm_pred,naive_pred
2024-07-04 00:00:00,0.0,4.00282473833613e-09,2.458758802047535e-18,4.00282473833613e-09,1.0651332246758294e-13,-10.307513,0.0
2024-07-04 01:00:00,0.0,2.856200857965542e-14,2.550184297958738e-21,1.7649707473310627e-08,2.0649900246780956e-13,-9.529381,0.0
2024-07-04 02:00:00,0.0,6.55701291128589e-15,2.467812123811382e-22,1.811574179555464e-06,7.287746228712422e-08,-8.950833,0.0
2024-07-04 03:00:00,3.1684,7.327099482701271e-10,9.663417899060296e-25,0.3979818820953369,18.556678771972656,-2.8297045,2.1127
2024-07-04 04:00:00,57.3263,26.38164520263672,7.098714297239211e-18,45.47463607788086,104.64199829101562,21.172892,32.1622
2024-07-04 05:00:00,160.6696,108.93392181396484,14.812767028808594,174.92396545410156,290.22357177734375,71.06951,32.1037
2024-07-04 06:00:00,279.3407,206.07699584960938,70.69477844238281,349.31298828125,525.902099609375,140.68527,145.975
2024-07-04 07:00:00,449.5733,306.0069885253906,114.91706848144531,482.69256591796875,702.4151611328125,221.85555,264.415
2024-07-04 08:00:00,448.9448,392.1725158691406,162.76551818847656,602.215576171875,787.2796630859375,291.79785,217.0423
2024-07-04 09:00:00,198.5822,492.0977783203125,183.82000732421875,632.3564453125,802.74609375,349.7879,122.722
2024-07-04 10:00:00,343.6371,563.9987182617188,133.19717407226562,491.615234375,733.4095458984375,396.22073,435.7221
2024-07-04 11:00:00,547.4743,637.0950927734375,130.53079223632812,466.34783935546875,715.072998046875,426.6006,429.2246
2024-07-04 12:00:00,426.4855,639.7647705078125,153.8356475830078,558.868408203125,795.1201171875,426.53964,459.5094
2024-07-04 13:00:00,534.7996,585.9794921875,130.3704833984375,494.6243896484375,750.9080810546875,398.18143,235.1255
2024-07-04 14:00:00,620.0446,508.5830993652344,117.49082946777344,468.82757568359375,722.6212158203125,349.8811,199.4679
2024-07-04 15:00:00,564.526,411.4715881347656,102.56254577636719,422.6842346191406,666.8743896484375,291.44806,222.6602
2024-07-04 16:00:00,453.6584,327.8995361328125,84.70557403564453,343.24395751953125,553.4193115234375,228.85007,197.5023
2024-07-04 17:00:00,372.0683,242.9785919189453,65.1986083984375,244.12306213378906,386.699951171875,158.78316,213.5199
2024-07-04 18:00:00,192.1731,146.3746795654297,40.679405212402344,152.0171356201172,238.37551879882812,95.799995,215.1315
2024-07-04 19:00:00,89.3224,63.29629898071289,11.102378845214844,70.53252410888672,118.32533264160156,44.12255,60.5448
2024-07-04 20:00:00,14.1149,2.7971737384796143,5.208944912737934e-06,25.408668518066406,50.96864318847656,8.280965,8.6206
2024-07-04 21:00:00,0.0,2.9755456402996575e-15,5.283906382639973e-14,2.024666355282534e-05,0.6189048290252686,-10.774473,0.0
2024-07-04 22:00:00,0.0,5.886966225122618e-20,3.41353285126748e-17,4.352523230721772e-09,4.413415854997993e-09,-14.605255,0.0
2024-07-04 23:00:00,0.0,5.839548742742869e-20,3.951920889176604e-17,5.99757328245687e-08,6.327200482297846e-12,-13.555199,0.0
